"819";"736";"coding"
"820";"737";"general"
"821";"738";"general"
"822";"739";"general"
"823";"740";"general"
"824";"741";"gDesklets"
"825";"742";"coding"
"826";"743";"general"
"827";"744";"coding"
"828";"745";"KISSlibs"
"829";"746";"KISSlibs"
"830";"747";"general"
"831";"748";"coding"
"832";"749";"gDesklets"
"833";"750";"gDesklets"
"834";"751";"gDesklets"
"835";"752";"coding"
"836";"753";"gDesklets"
"837";"754";"gDesklets"
"838";"755";"gDesklets"
"839";"756";"gDesklets"
"840";"757";"general"
"841";"758";"gDesklets"
"842";"759";"gDesklets"
"843";"760";"gDesklets"
"844";"761";"gDesklets"
"845";"762";"gDesklets"
"846";"763";"travel"
"847";"764";"gDesklets"
"848";"765";"gDesklets"
"849";"766";"gDesklets"
"850";"767";"gDesklets"
"851";"768";"gDesklets"
"852";"769";"general"
"853";"770";"coding"
"854";"771";"coding"
"855";"772";"general"
"856";"773";"general"
"857";"774";"coding"
"858";"775";"general"
"859";"776";"general"
"860";"777";"general"
"861";"778";"coding"
"862";"779";"coding"
"863";"780";"general"
"864";"781";"general"
"865";"782";"general"
"866";"783";"general"
"867";"784";"general"
"868";"785";"coding"
"869";"786";"coding"
"870";"787";"general"
"892";"788";"coding"
"891";"788";"kassi"
"900";"789";"asia"
"899";"789";"travel"
"901";"790";"travel"
"902";"790";"asia"
"908";"791";"travel"
"907";"791";"asia"
"912";"792";"asia"
"911";"792";"travel"
"913";"793";"asia"
"914";"793";"travel"
"924";"794";"asia"
"923";"794";"travel"
"928";"795";"random"
"927";"795";"linux"
"936";"796";"howto"
"935";"797";"howto"
"934";"797";"xps"
"933";"797";"linux"
"937";"796";"xps"
"938";"796";"linux"
"939";"798";"xps"
"940";"798";"linux"
"941";"798";"howto"
"944";"799";"random"
"945";"800";"studies"
"946";"800";"coding"
"947";"800";"graphics"
"948";"800";"release"
"954";"801";"linux"
"953";"801";"general"
"952";"801";"coding"
"955";"802";"studies"
"956";"802";"graphics"
"957";"802";"release"
"963";"803";"coding"
"962";"803";"howto"
"961";"803";"linux"
"968";"804";"studies"
"967";"804";"graphics"
"969";"804";"coding"
"970";"805";"graphics"
"971";"805";"studies"
"1011";"806";"coding"
"1010";"806";"linux"
"1009";"806";"arduino"
"1005";"807";"humour"
"1004";"807";"general"
"1017";"808";"coding"
"1016";"808";"release"
"1026";"809";"general"
"1025";"809";"travel"
"1024";"809";"studies"
"1034";"810";"studies"
"1033";"810";"travel"
"1035";"811";"méxico"
"1036";"811";"studies"
"1037";"812";"méxico"
"1038";"812";"studies"
"1044";"813";"méxico"
"1043";"813";"studies"
"1056";"814";"travel"
"1055";"814";"studies"
"1054";"814";"méxico"
"1057";"815";"studies"
"1058";"815";"méxico"
"1059";"816";"méxico"
"1060";"816";"studies"
"1078";"817";"graphics"
"1077";"817";"coding"
"1076";"817";"méxico"
"1088";"818";"méxico"
"1087";"818";"travel"
"1090";"819";"méxico"
"1091";"819";"travel"
"1092";"820";"travel"
"1094";"821";"méxico"
"1095";"822";"méxico"
"1096";"822";"travel"
"1102";"823";"graphics"
"1101";"823";"studies"
"1100";"823";"coding"
"1103";"824";"méxico"
"1104";"824";"travel"
"1108";"825";"travel"
"1109";"826";"travel"
"1111";"827";"travel"
"1129";"828";"coding"
"1128";"828";"linux"
"1127";"828";"release"
"1134";"829";"graphics"
"1135";"829";"release"
"1136";"830";"release"
"1137";"830";"arduino"
"1138";"830";"coding"
"1154";"831";"howto"
"1153";"831";"graphics"
"1152";"831";"coding"
"1151";"831";"release"
"1155";"832";"general"
"1158";"833";"release"